{
    "error":"",
    "name":"王诺诺",
    "avatar":"https://pic2.zhimg.com/977ef45f84ae5990066b93edeba65fe5_l.jpg",
    "signature":"微信平台：misswangnuonuo",
    "description":"啊你在看我主页",
    "detail":{
        "ask":"9",
        "answer":"211",
        "post":"9",
        "agree":"384960",
        "ratio":"1749.82",
        "followee":"399",
        "follower":"275345",
        "agreei":"0",
        "agreeiratio":"0.00%",
        "agreeiw":"2583",
        "agreeiratiow":"0.68%",
        "followeri":"0",
        "followiratio":"0.00%",
        "followeriw":"1279",
        "followiratiow":"0.47%",
        "thanks":"80242",
        "tratio":"0.2084",
        "fav":"220093",
        "fratio":"0.5717",
        "logs":"44",
        "mostvote":"30025",
        "mostvotepercent":"7.80%",
        "mostvote5":"110994",
        "mostvote5percent":"28.83%",
        "mostvote10":"167447",
        "mostvote10percent":"43.50%",
        "count10000":"7",
        "count5000":"19",
        "count2000":"47",
        "count1000":"77",
        "count500":"109",
        "count200":"149",
        "count100":"190"
    },
    "star":{
        "answerrank":"8086",
        "agreerank":"2800",
        "ratiorank":"7080",
        "followerrank":"5500",
        "favrank":"4500",
        "count1000rank":"3300",
        "count100rank":"1200"
    },
    "trend":[
             {
             "answer":"211",
             "agree":"358853",
             "follower":"265203",
             "date":"2016-04-06"
             },
             {
             "answer":"210",
             "agree":"358922",
             "follower":"265379",
             "date":"2016-04-07"
             },
             {
             "answer":"210",
             "agree":"359215",
             "follower":"265522",
             "date":"2016-04-08"
             },
             {
             "answer":"210",
             "agree":"359419",
             "follower":"265660",
             "date":"2016-04-09"
             },
             {
             "answer":"210",
             "agree":"359615",
             "follower":"265801",
             "date":"2016-04-10"
             },
             {
             "answer":"210",
             "agree":"359780",
             "follower":"265927",
             "date":"2016-04-11"
             },
             {
             "answer":"211",
             "agree":"360593",
             "follower":"266124",
             "date":"2016-04-12"
             },
             {
             "answer":"212",
             "agree":"361492",
             "follower":"266350",
             "date":"2016-04-13"
             },
             {
             "answer":"212",
             "agree":"361980",
             "follower":"266470",
             "date":"2016-04-14"
             },
             {
             "answer":"212",
             "agree":"362348",
             "follower":"266635",
             "date":"2016-04-15"
             },
             {
             "answer":"212",
             "agree":"362639",
             "follower":"266742",
             "date":"2016-04-16"
             },
             {
             "answer":"214",
             "agree":"366905",
             "follower":"268461",
             "date":"2016-04-17"
             },
             {
             "answer":"214",
             "agree":"370394",
             "follower":"270026",
             "date":"2016-04-18"
             },
             {
             "answer":"214",
             "agree":"371458",
             "follower":"270528",
             "date":"2016-04-19"
             },
             {
             "answer":"216",
             "agree":"373074",
             "follower":"271072",
             "date":"2016-04-20"
             },
             {
             "answer":"217",
             "agree":"374868",
             "follower":"271530",
             "date":"2016-04-21"
             },
             {
             "answer":"218",
             "agree":"376769",
             "follower":"272054",
             "date":"2016-04-22"
             },
             {
             "answer":"218",
             "agree":"377807",
             "follower":"272435",
             "date":"2016-04-23"
             },
             {
             "answer":"218",
             "agree":"378531",
             "follower":"272763",
             "date":"2016-04-24"
             },
             {
             "answer":"218",
             "agree":"379099",
             "follower":"272977",
             "date":"2016-04-25"
             },
             {
             "answer":"219",
             "agree":"379802",
             "follower":"273279",
             "date":"2016-04-26"
             },
             {
             "answer":"219",
             "agree":"379935",
             "follower":"273364",
             "date":"2016-04-27"
             },
             {
             "answer":"220",
             "agree":"381270",
             "follower":"273664",
             "date":"2016-04-28"
             },
             {
             "answer":"220",
             "agree":"382377",
             "follower":"274066",
             "date":"2016-04-29"
             },
             {
             "answer":"220",
             "agree":"382769",
             "follower":"274226",
             "date":"2016-04-30"
             },
             {
             "answer":"220",
             "agree":"383218",
             "follower":"274483",
             "date":"2016-05-01"
             },
             {
             "answer":"220",
             "agree":"383656",
             "follower":"274727",
             "date":"2016-05-02"
             },
             {
             "answer":"220",
             "agree":"383942",
             "follower":"274884",
             "date":"2016-05-03"
             },
             {
             "answer":"220",
             "agree":"384229",
             "follower":"275068",
             "date":"2016-05-04"
             },
             {
             "answer":"220",
             "agree":"384960",
             "follower":"275345",
             "date":"2016-05-05"
             }
             ],
    "topanswers":[
                  {
                  "title":"男女交往最忌讳什么？",
                  "link":"/question/23151702/answer/28001091",
                  "agree":"30025",
                  "date":"2014-07-16 00:56:40",
                  "ispost":"0"
                  },
                  {
                  "title":"一个女孩要怎样才算得上精致？",
                  "link":"/question/28209703/answer/40720295",
                  "agree":"22291",
                  "date":"2015-02-27 23:25:27",
                  "ispost":"0"
                  },
                  {
                  "title":"把宠物阉割是爱宠物吗？",
                  "link":"/question/20119817/answer/33578489",
                  "agree":"21837",
                  "date":"2014-11-18 09:47:16",
                  "ispost":"0"
                  },
                  {
                  "title":"人种基因改良是利大于弊么？",
                  "link":"/question/31496671/answer/57710027",
                  "agree":"18891",
                  "date":"2015-08-04 11:39:33",
                  "ispost":"0"
                  },
                  {
                  "title":"出国留学的意义是什么？",
                  "link":"/question/20830287/answer/50806441",
                  "agree":"17950",
                  "date":"2015-06-10 12:43:40",
                  "ispost":"0"
                  },
                  {
                  "title":"什么是「少女心」？",
                  "link":"/question/20996727/answer/26118959",
                  "agree":"17735",
                  "date":"2014-05-27 18:31:20",
                  "ispost":"0"
                  },
                  {
                  "title":"金坷垃广告上托下巴的老头是谁？",
                  "link":"/question/29027583/answer/48329069",
                  "agree":"15617",
                  "date":"2015-05-19 21:14:14",
                  "ispost":"0"
                  },
                  {
                  "title":"如何变得会聊天？",
                  "link":"/question/22867272/answer/23082874",
                  "agree":"8391",
                  "date":"2014-03-04 11:35:52",
                  "ispost":"0"
                  },
                  {
                  "title":"父母给 4 到 5 岁的男孩讲述空气动力学，是否合适？",
                  "link":"/question/25425079/answer/30852255",
                  "agree":"7645",
                  "date":"2014-09-22 12:07:20",
                  "ispost":"0"
                  },
                  {
                  "title":"海啸来临之前，所有船都向海啸开去，这是为什么？",
                  "link":"/question/31141319/answer/84533916",
                  "agree":"7065",
                  "date":"2016-02-02 14:31:14",
                  "ispost":"0"
                  }
                  ]
}